"first_name","last_name","title","release_year"
"Christian","Akroyd","Betrayed Rear",2006
"Christian","Akroyd","Doors President",2006
"Christian","Akroyd","Luke Mummy",2006
"Christian","Akroyd","Nuts Ties",2006
"Christian","Akroyd","Princess Giant",2006
"Kirsten","Akroyd","Hours Rage",2006
"Kirsten","Akroyd","Memento Zoolander",2006
"Debbie","Akroyd","Hedwig Alter",2006
"Debbie","Akroyd","Pianist Outfield",2006
"Debbie","Akroyd","Random Go",2006
"Debbie","Akroyd","Redemption Comforts",2006
"Debbie","Akroyd","Stepmom Dream",2006
"Debbie","Akroyd","Sundance Invasion",2006
"Cuba","Allen","Chaplin License",2006
"Cuba","Allen","Cincinatti Whisperer",2006
"Cuba","Allen","King Evolution",2006
"Cuba","Allen","Lesson Cleopatra",2006
"Cuba","Allen","Strangelove Desire",2006
"Kim","Allen","Caribbean Liberty",2006
"Kim","Allen","Doors President",2006
